品牌,id,手机名称,价格,图片,链接
vivo,100037963698,vivo iQOO Neo6 SE 12GB+256GB 炽橙 高通骁龙870 双电芯80W闪充 OIS光学防抖  双模5G全网通手机iqooneo6se,￥2499.00,image/100037963698.png,https://item.jd.com/100037963698.html?bbtf=1
vivo,100021842080,vivo Y70t 5G手机 6G+128GB 碧海蓝 4500mAh大电池 双引擎闪充 4800万后置三摄 双模5G全网通手机,￥1499.00,image/100021842080.png,https://item.jd.com/100021842080.html?bbtf=1
vivo,100028173721,vivo iQOO 10 12GB+512GB传奇版 第一代骁龙8+ 自研芯片V1+ E5超视网膜屏 KPL官方比赛专用 5G电竞手机iqoo10,￥4299.00,image/100028173721.png,https://item.jd.com/100028173721.html?bbtf=1
vivo,100041054083,vivo iQOO Neo7 12GB+512GB 波普橙 天玑9000+ 独显芯片Pro+ E5柔性直屏 120W超快闪充 5G游戏电竞性能手机,￥2559.00,image/100041054083.png,https://item.jd.com/100041054083.html?bbtf=1
vivo,100048172437,vivo iQOO Neo7 SE 8GB+256GB 星际黑  天玑8200 120W超快闪充 120Hz柔性直屏 5G游戏电竞性能手机,￥1749.00,image/100048172437.png,https://item.jd.com/100048172437.html?bbtf=1
vivo,100048172397,vivo iQOO 11 16GB+512GB 传奇版 第二代骁龙8 2K 144Hz E6全感屏 120W闪充 自研芯片V2 5G电竞手机iqoo11,￥4999.00,image/100048172397.png,https://item.jd.com/100048172397.html?bbtf=1
vivo,100034042683,vivo iQOO Z6x 8GB+128GB 蓝冰 6000mAh巨量电池 44W闪充 6nm强劲芯 5G智能手机iqooz6x,￥1299.00,image/100034042683.png,https://item.jd.com/100034042683.html?bbtf=1
vivo,100021789731,vivo X80 12GB+256GB 旅程 4nm天玑9000旗舰芯片 自研芯片V1+ 蔡司T*光学镜头 双电芯80W闪充 5G 拍照 手机,￥4399.00,image/100021789731.png,https://item.jd.com/100021789731.html?bbtf=1
vivo,100034042669,vivo iQOO Z6 12GB+256GB活力版 金橙 80W闪充 6400万像素光学防抖 骁龙778G Plus 5G智能手机iqooz6,￥1999.00,image/100034042669.png,https://item.jd.com/100034042669.html?bbtf=1
vivo,100027711835,vivo Y77 8GB+128GB 夏日听海 旗舰级80W双芯闪充 120Hz护眼原色屏 5000万超清影像 5G手机 送学生 送长辈,￥1399.00,image/100027711835.png,https://item.jd.com/100027711835.html?bbtf=1
vivo,100041077346,vivo iQOO Neo7竞速版 12GB+256GB 几何黑 骁龙8+旗舰芯片 独显芯片Pro+ 120W超快闪充 5G游戏电竞性能手机,￥2799.00,image/100041077346.png,https://item.jd.com/100041077346.html?bbtf=1
vivo,100017262415,vivo S12 12GB+256GB 耀黑 一亿像素 4400万超清前置 KPL比赛用机测试认证 快充 智能 长续航 游戏 5G手机,￥2799.00,image/100017262415.png,https://item.jd.com/100017262415.html?bbtf=1
vivo,100042756156,vivo X90 8GB+256GB 告白 4nm天玑9200旗舰芯片 自研芯片V2 120W双芯闪充 蔡司影像 5G 拍照 手机,￥3799.00,image/100042756156.png,https://item.jd.com/100042756156.html?bbtf=1
vivo,100039641838,vivo S15 8GB+256GB 耀黑 高通骁龙870 超感光影像系统 电影感人像大片 66W闪充 5G 快充 拍照 手机,￥2599.00,image/100039641838.png,https://item.jd.com/100039641838.html?bbtf=1
vivo,100040997754,vivo S16 8GB+128GB 玄黑 高通骁龙870 前置5000万追焦人像 原彩柔光环 66W闪充 5G 拍照 手机,￥2299.00,image/100040997754.png,https://item.jd.com/100040997754.html?bbtf=1
vivo,100015105031,vivo T1 5G手机 8GB+256GB 电光青 高通骁龙778G 5000mAh大电池 6400万超清影像 游戏手机 拍照手机,￥1899.00,image/100015105031.png,https://item.jd.com/100015105031.html?bbtf=1
vivo,100036348834,vivo【教育优惠-学生专享价】iQOO U5x 8GB+128GB极昼蓝 骁龙680 5000mAh大电池 6.51英寸大屏幕 全网通手机,￥1198.00,image/100036348834.png,https://item.jd.com/100036348834.html?bbtf=1
vivo,100009737523,vivo Y52s 5G手机 8GB+128GB 莫奈彩 5000mAh大电池 4800万影像系统 90Hz灵动护眼屏 双模5G全网通手机,￥1699.00,image/100009737523.png,https://item.jd.com/100009737523.html?bbtf=1
vivo,100012519701,vivo Y70t 5G手机 6G+128GB 碧海蓝 4500mAh大电池 双引擎闪充 4800万后置三摄 双模5G全网通手机【购机补贴版】,￥1499.00,image/100012519701.png,https://item.jd.com/100012519701.html?bbtf=1
vivo,100020571721,vivo iQOO Neo6 12GB+256GB 蓝调 全新一代骁龙8 独立显示芯片Pro 双电芯80W闪充 双模5G全网通手机iqooneo6,￥3299.00,image/100020571721.png,https://item.jd.com/100020571721.html?bbtf=1
vivo,100025643272,vivo X70 Pro+ 骁龙888 Plus 2K屏幕 IP68级防水 全四摄光学防抖 50W无线闪充 5G手机 12GB+256GB 至黑,￥5999.00,image/100025643272.png,https://item.jd.com/100025643272.html?bbtf=1
vivo,100015116859,vivo T1x 5G手机 8GB+256GB 虹彩 天玑900 5000mAh大电池 44W闪充 6400万超清影像 双模5G全网通手机,￥1799.00,image/100015116859.png,https://item.jd.com/100015116859.html?bbtf=1
vivo,100030644690,vivo Y55s 5G手机 6GB+128GB 镜湖蓝 6000mAh巨能量电池 200%超大音量扬声器 5000万超清主摄,￥1299.00,image/100030644690.png,https://item.jd.com/100030644690.html?bbtf=1
vivo,100054509671,限量焕新vivo iQOO Neo7 12GB+256GB 几何黑 天玑9000+ 独显芯片Pro+ E5柔性直屏 120W超快闪充 5G全网通手机iqooneo7,￥3299.00,image/100054509671.png,https://item.jd.com/100054509671.html?bbtf=1
vivo,100041151798,vivo Y73t 6GB+128GB 镜黑 6000mAh大电池 44W疾速闪充 后置5000万像素 150%超大音量 5G 拍照 手机,￥1299.00,image/100041151798.png,https://item.jd.com/100041151798.html?bbtf=1
vivo,100024171327,vivo T2x 8GB+256GB 雾蓝 天玑1300高跑分强芯 6000mAh巨能量电池 44W闪充 144Hz高刷屏 5G 游戏 拍照 手机,￥1899.00,image/100024171327.png,https://item.jd.com/100024171327.html?bbtf=1
vivo,100023397120,vivo S10 Pro 5G手机 12GB+256GB 绮光焕彩 后置一亿像素 自然柔光人像 光致变色工艺 6nm旗舰芯片,￥2299.00,image/100023397120.png,https://item.jd.com/100023397120.html?bbtf=1
vivo,100048154825,vivo X90 Pro+ 12GB+512GB 原黑 蔡司一英寸T*主摄 自研芯片V2 第二代骁龙8移动平台 5G 拍照 手机,￥6999.00,image/100048154825.png,https://item.jd.com/100048154825.html?bbtf=1
vivo,100028173739,vivo iQOO 10 Pro 12GB+256GB赛道版 200W闪充 第一代骁龙8+ 自研芯片V1+ 双主摄微云台 5G电竞手机iqoo10pro,￥5499.00,image/100028173739.png,https://item.jd.com/100028173739.html?bbtf=1
vivo,100012176097,vivo S10 5G手机 8GB+256GB 绮光焕彩 超轻薄机身 前置4400万自然柔光人像 光致变色工艺 6nm旗舰芯片,￥2699.00,image/100012176097.png,https://item.jd.com/100012176097.html?bbtf=1
oppo,100017366689,OPPO K9x 8GB+128GB 黑曜武士 天玑810 5000mAh长续航 33W快充 90Hz电竞屏 6400万三摄 拍照5G手机oppok9x,￥1199.00,image/100017366689.png,https://item.jd.com/100017366689.html?bbtf=1
oppo,100035494404,OPPO K9x 8GB+128GB 银紫超梦 5000mAh长续航 33W快充 6400万三摄 拍照5G手机oppok9x 合约机 购机补贴版,￥1399.00,image/100035494404.png,https://item.jd.com/100035494404.html?bbtf=1
oppo,100009669367,京品手机 OPPO Reno5 8+128GB 星河入梦 6400万水光人像四摄 65W超级闪充  5G手机,￥1999.00,image/100009669367.png,https://item.jd.com/100009669367.html?bbtf=1
oppo,100043841175,OPPO K9x【预售】 8GB+128GB 银紫超梦 天玑810 5000mAh长续航 33W快充 90Hz电竞屏 6400万三摄 拍照5G手机,￥1299.00,image/100043841175.png,https://item.jd.com/100043841175.html?bbtf=1
oppo,100046902587,OPPO K9x【高潮期】 8GB+128GB 银紫超梦 天玑810 5000mAh长续航 33W快充 90Hz电竞屏 6400万三摄 拍照5G手机oppok9x,￥1399.00,image/100046902587.png,https://item.jd.com/100046902587.html?bbtf=1
oppo,100030160580,京品手机 OPPO K9 Pro 8GB+256GB 冰河序曲 天玑1200 120Hz OLED电竞屏 60W超级闪充 6400万三摄 拍照 5G手机,￥1999.00,image/100030160580.png,https://item.jd.com/100030160580.html?bbtf=1
oppo,100038430096,京品手机 OPPO 一加 Ace 竞速版 8GB+256GB 光速蓝享OPPO官方售后天玑8100-MAX 120Hz变速电竞直屏 游戏稳帧引擎5G手机,￥1599.00,image/100038430096.png,https://item.jd.com/100038430096.html?bbtf=1
oppo,100042508850,OPPO 一加 Ace 2 16GB+512GB 浩瀚黑 满血版骁龙®8+旗舰平台 1.5K灵犀触控屏 超帧超画引擎 5G游戏电竞手机,￥3499.00,image/100042508850.png,https://item.jd.com/100042508850.html?bbtf=1
oppo,100016155249,OPPO Reno7 8GB+128GB 星夜黑星钻工艺前置索尼 IMX709 超感光猫眼镜头 高通骁龙778G 90Hz高感电竞屏 5G手机,￥2399.00,image/100016155249.png,https://item.jd.com/100016155249.html?bbtf=1
oppo,100010594803,京品手机	 一加 9 5G 享OPPO官方售后 120Hz 柔性屏12GB+256GB 黑曜 骁龙888 65W快充 哈苏专业模式 超广角拍照游戏手机,￥2999.00,image/100010594803.png,https://item.jd.com/100010594803.html?bbtf=1
oppo,100037381004,OPPO A55s 8GB+128GB 律动黑 双模5G 超大存储 5000mAh超大电池 长续航 后置AI三摄 超清画质 拍照手机,￥915.00,image/100037381004.png,https://item.jd.com/100037381004.html?bbtf=1
oppo,100028927694,OPPO K9s 8GB+256GB 黑曜武士 骁龙778G 120Hz电竞屏 5000mAh长续航 6400万人像三摄 拍照 5G手机,￥1799.00,image/100028927694.png,https://item.jd.com/100028927694.html?bbtf=1
oppo,100010129019,OPPO A93 8GB+256GB 炫黑 骁龙双模5G 超大存储 5000mAh大电池 18W闪充 90Hz高刷屏 4800万三摄 全面屏手机,￥1799.00,image/100010129019.png,https://item.jd.com/100010129019.html?bbtf=1
oppo,100021537033,OPPO K10 冰魄蓝 8GB+256GB 天玑 8000-MAX 金刚石VC液冷散热 120Hz高帧变速屏 旗舰5G手机,￥1799.00,image/100021537033.png,https://item.jd.com/100021537033.html?bbtf=1
oppo,100037311057,OPPO K10x 极光 8GB+128GB 67W超级闪充 5000mAh长续航 120Hz高帧屏 6400万三摄 高通骁龙695 拍照 5G手机,￥1299.00,image/100037311057.png,https://item.jd.com/100037311057.html?bbtf=1
oppo,100029049505,OPPO 一加 Ace Pro 16GB+256GB 黑森 享OPPO官方售后 骁龙8+旗舰芯 长寿版150W闪充 游戏稳帧引擎 5G游戏手机,￥3249.00,image/100029049505.png,https://item.jd.com/100029049505.html?bbtf=1
oppo,100022871007,OPPO Reno8 8GB+256GB 夜游黑 80W超级闪充  5000万水光人像三摄 3200万前置索尼镜头 轻薄机身 5G手机,￥1809.00,image/100022871007.png,https://item.jd.com/100022871007.html?bbtf=1
oppo,100043841345,OPPO K9x【预售】 8GB+128GB 黑曜武士 天玑810 5000mAh长续航 33W快充 90Hz电竞屏 6400万三摄 拍照5G手机,￥1299.00,image/100043841345.png,https://item.jd.com/100043841345.html?bbtf=1
oppo,100043150316,【移动用户惠享】 OPPO Reno9 12GB+256GB 微醺 6400万水光人像镜头 OLED曲面屏 5G全网通,￥2699.00,image/100043150316.png,https://item.jd.com/100043150316.html?bbtf=1
oppo,100035494530,京品手机 OPPO K7x 6GB+128GB 云之彼端 双模5G 4800万四摄 5000mAh长续航 30W闪充 5G手机 合约机 购机补贴,￥1099.00,image/100035494530.png,https://item.jd.com/100035494530.html?bbtf=1
oppo,100018927438,一加 OnePlus 9 Pro 5G旗舰2K+120Hz 柔性屏8GB+256GB 闪银 骁龙888 65W快充 哈苏专业模式 超广角拍照手机,￥4199.00,image/100018927438.png,https://item.jd.com/100018927438.html?bbtf=1
oppo,100025188489,OPPO A55s 8GB+128GB 轻快蓝  双模5G 超大存储  超清画质 拍照手机【购机补贴版】,￥1199.00,image/100025188489.png,https://item.jd.com/100025188489.html?bbtf=1
oppo,100017257703,OPPO 一加 10 Pro 12GB+256GB万物青 享OPPO官方售后 全新骁龙8 120Hz柔性屏 哈苏影像2.0 80W超级闪充5G手机,￥4799.00,image/100017257703.png,https://item.jd.com/100017257703.html?bbtf=1
oppo,100021103361,京品手机 OPPO 一加 Ace 12GB+256GB 开黑 享OPPO官方售后 天玑8100-MAX 150W闪充 120Hz电竞直屏 游戏独显芯片 5G手机,￥2399.00,image/100021103361.png,https://item.jd.com/100021103361.html?bbtf=1
oppo,100040195622,OPPO 一加 11 16GB+256GB 一瞬青 第二代骁龙 8 哈苏影像拍照 2K + 120Hz 高刷屏 游戏电竞5G旗舰手机,￥4399.00,image/100040195622.png,https://item.jd.com/100040195622.html?bbtf=1
oppo,100011441995,OPPO Reno6 12+256GB 夏日晴海 6400万水光镜头 65W超级闪充 90Hz高感屏 36个月流畅护航  轻薄拍照 5G手机,￥2999.00,image/100011441995.png,https://item.jd.com/100011441995.html?bbtf=1
oppo,100010393083,京品手机 OPPO Find X3 5000万双主摄IMX766 10亿色臻彩屏 60倍显微镜 骁龙870  8GB+256GB 镜黑 5G年度旗舰手机,￥4199.00,image/100010393083.png,https://item.jd.com/100010393083.html?bbtf=1
oppo,100044141276,OPPO 一加 Ace 2V 16GB+256GB 青釉 天玑 9000 移动平台 1.5K 灵犀触控直屏 6400 万超清三摄 5G游戏性能手机,￥2499.00,image/100044141276.png,https://item.jd.com/100044141276.html?bbtf=1
oppo,100037468452,OPPO K10 Pro 钛黑 12GB+256GB 高通骁龙888 80W超级闪充 索尼IMX766旗舰传感器 OLED屏幕 5G手机,￥2799.00,image/100037468452.png,https://item.jd.com/100037468452.html?bbtf=1
oppo,100020241691,OPPO K9x 8+256GB 黑曜武士 5000mAh长续航 33W快充 6400万三摄 拍照5G手机oppok9x 合约机 购机补贴版,￥1599.00,image/100020241691.png,https://item.jd.com/100020241691.html?bbtf=1
华为,100011493273,荣耀Play5T 22.5W超级快充 5000mAh大电池 6.5英寸护眼屏 全网通8GB+128GB极光蓝,￥999.00,image/100011493273.png,https://item.jd.com/100011493273.html?bbtf=1
华为,100022080099,华为智选 Hi nova 9z 5G全网通手机 6.67英寸120Hz原彩屏hinova 6400万像素超清摄影 66W快充8GB+256GB幻境森林,￥1799.00,image/100022080099.png,https://item.jd.com/100022080099.html?bbtf=1
华为,100023070501,荣耀70 IMX800三主摄 双曲屏设计 高通骁龙778G Plus 66W快充 5G手机 8GB+256GB 冰岛幻境,￥2099.00,image/100023070501.png,https://item.jd.com/100023070501.html?bbtf=1
华为,100021631260,荣耀Play5 5G 66W超级快充 6400万超清四摄  6.53英寸大屏 8GB+128GB 冰岛幻境 双卡双待 全网通,￥1399.00,image/100021631260.png,https://item.jd.com/100021631260.html?bbtf=1
华为,100036448548,荣耀Play6T 6.74英寸高刷护眼屏 侧边指纹解锁 5000mAh大电池 全网通 5G手机 8GB+256GB 钛空银,￥1399.00,image/100036448548.png,https://item.jd.com/100036448548.html?bbtf=1
华为,100037437645,荣耀X40 120Hz OLED硬核曲屏 5100mAh 快充大电池 7.9mm轻薄设计 5G手机 8GB+128GB 彩云追月,￥1599.00,image/100037437645.png,https://item.jd.com/100037437645.html?bbtf=1
华为,100029666262,荣耀60 前后双曲设计 1亿像素超清摄影 高通骁龙778G 5G 66W智慧超级快充 全网通版 8GB+256GB 幻境星空,￥2999.00,image/100029666262.png,https://item.jd.com/100029666262.html?bbtf=1
华为,100043729877,华为智选 Hi nova 10 Pro 5G全网通 前置6000万追焦双摄 内置100W华为超级快充 8+256GB 绮境森林手机hinova,￥3399.00,image/100043729877.png,https://item.jd.com/100043729877.html?bbtf=1
华为,100011920605,荣耀50 1亿像素超清影像 5G 6.57英寸超曲屏 66W超级快充 3200万像素高清自拍 全网通版8GB+128GB 夏日琥珀,￥2699.00,image/100011920605.png,https://item.jd.com/100011920605.html?bbtf=1
华为,100048275999,荣耀80 1.6亿像素超清主摄 AI Vlog视频大师 全新Magic OS 7.0系统 5G手机 12GB+256GB 粉映晨辉,￥2799.00,image/100048275999.png,https://item.jd.com/100048275999.html?bbtf=1
华为,100041919137,荣耀X40 GT 骁龙888旗舰芯 144Hz高刷电竞屏 66W超级快充 5G手机 8GB+256GB 竞速黑,￥2099.00,image/100041919137.png,https://item.jd.com/100041919137.html?bbtf=1
华为,100025447531,京品手机 华为智选 优畅享50 5000mAh大容量电池 智慧双5G U-Magic 22.5W安全快充 8GB+128GB 雅致黑 5G全网通手机,￥1019.00,image/100025447531.png,https://item.jd.com/100025447531.html?bbtf=1
华为,100035834616,华为智选 优畅享50 Plus 120Hz高刷 支持66W超级快充U-Magic 8GB+128GB 海雾蓝 5G全网通手机 【无充版】,￥1069.00,image/100035834616.png,https://item.jd.com/100035834616.html?bbtf=1
华为,100013035473,华为智选 U-Magic/优畅享20 Plus 5G 40W超级快充 90Hz高刷真全屏 8GB+128GB幻夜黑全网通5G手机,￥1099.00,image/100013035473.png,https://item.jd.com/100013035473.html?bbtf=1
华为,100010588189,华为 HUAWEI Mate 40E 麒麟990E 5G SoC芯片 超感知影像 68°曲面屏 8GB+256GB釉白色5G全网通,￥5099.00,image/100010588189.png,https://item.jd.com/100010588189.html?bbtf=1
华为,100018533771,荣耀60 SE 120Hz十亿色曲面屏 66W超级快充 6400万Vlog相机 全网通版 5G手机 8GB+256GB 亮黑色,￥2299.00,image/100018533771.png,https://item.jd.com/100018533771.html?bbtf=1
华为,100040866856,荣耀80 GT 骁龙8+旗舰芯 超帧独显芯片 120Hz原画超帧屏 IMX800主摄 5G手机 16GB+256GB 光雨流星,￥2719.00,image/100040866856.png,https://item.jd.com/100040866856.html?bbtf=1
华为,100039740874,荣耀70 Pro IMX800三主摄 旗舰芯片 100W超级快充 5G手机 12GB+256GB 墨玉青,￥2289.00,image/100039740874.png,https://item.jd.com/100039740874.html?bbtf=1
华为,100016170950,华为 HUAWEI Mate 30E Pro 5G麒麟990E SoC芯片 双4000万徕卡电影影像 8GB+128GB亮黑色全网通手机,￥5299.00,image/100016170950.png,https://item.jd.com/100016170950.html?bbtf=1
华为,100028953515,荣耀X40i 7.43mm超薄全视屏 钻彩星河设计 40W超级快充 5000万超清影像 5G手机 8GB+256GB 星梦银,￥1799.00,image/100028953515.png,https://item.jd.com/100028953515.html?bbtf=1
华为,100030710956,华为智选 优畅享30e 5G 智慧双5G 22.5W安全快充 5000mAh大容量电池 U-Magic 4GB+128GB雅致黑 全网通手机【华为智选】,￥1599.00,image/100030710956.png,https://item.jd.com/100030710956.html?bbtf=1
华为,10023399290041,爱心东东 华为mate40pro  5G手机 釉白色 8+256G全网通（5G版）,￥7399.00,image/10023399290041.png,https://item.jd.com/10023399290041.html?bbtf=1
华为,100047337607,荣耀80 Pro 1.6亿像素超清主摄 骁龙8+旗舰芯片 AI Vlog视频大师 5G手机 12GB+256GB 碧波微蓝,￥3399.00,image/100047337607.png,https://item.jd.com/100047337607.html?bbtf=1
华为,100010393763,华为 HUAWEI Mate X2  无缝鹰翼折叠 超感知徕卡四摄 256GB冰晶粉 5G全网通华为手机 折叠屏（无充版）,￥17799.00,image/100010393763.png,https://item.jd.com/100010393763.html?bbtf=1
华为,100016628383,华为智选Hi nova 9 5G全网通 120Hz高刷 hinova9后置5000万超感光主摄 8+128GB梦幻星河手机 标配无充,￥1599.00,image/100016628383.png,https://item.jd.com/100016628383.html?bbtf=1
华为,100045099774,荣耀Magic5 第二代骁龙8旗舰芯片 荣耀鹰眼相机 5100mAh电池 187g轻薄机身 5G手机 16GB+512GB 燃橙色,￥4999.00,image/100045099774.png,https://item.jd.com/100045099774.html?bbtf=1
华为,100042557827,荣耀畅玩40 Plus 5000万超清影像 6000mAh大电池 侧边指纹解锁 5G手机 6GB+128GB 仙霞紫,￥1099.00,image/100042557827.png,https://item.jd.com/100042557827.html?bbtf=1
华为,10047612686775,爱心东东 华为智选 优畅享50plus 5G手机华为智选 雅致黑 8GB+128GB【品牌66W充电套装】,￥1199.00,image/10047612686775.png,https://item.jd.com/10047612686775.html?bbtf=1
华为,10023383467994,爱心东东 华为mate40 Pro/mate40epro 新品5G手机 釉白色8G+256G 5G版全网通,￥6999.00,image/10023383467994.png,https://item.jd.com/10023383467994.html?bbtf=1
华为,100043729881,华为智选 Hi nova 10 5G全网通 前置6000万超广角镜头 6.88mm轻薄机身 8+128GB 绮境森林手机hinova,￥2399.00,image/100043729881.png,https://item.jd.com/100043729881.html?bbtf=1
Apple,100014352525,Apple iPhone 13 (A2634) 128GB 蓝色 支持移动联通电信5G 双卡双待手机,￥4799.00,image/100014352525.png,https://item.jd.com/100014352525.html?bbtf=1
Apple,100009077457,京品手机 Apple iPhone 12 (A2404) 256GB 黑色 支持移动联通电信5G 双卡双待手机,￥5399.00,image/100009077457.png,https://item.jd.com/100009077457.html?bbtf=1
Apple,100038004339,Apple iPhone 14 (A2884) 256GB 紫色 支持移动联通电信5G 双卡双待手机,￥6299.00,image/100038004339.png,https://item.jd.com/100038004339.html?bbtf=1
Apple,100015430085,Apple iPhone 13 (A2634) 128GB 星光色 支持移动联通电信5G 双卡双待手机 合约机 【购机补贴版】,￥5999.00,image/100015430085.png,https://item.jd.com/100015430085.html?bbtf=1
Apple,100038004337,Apple iPhone 14 Pro  Max (A2896) 1TB 金色 支持移动联通电信5G 双卡双待手机,￥13499.00,image/100038004337.png,https://item.jd.com/100038004337.html?bbtf=1
Apple,100038004345,Apple iPhone 14 Pro (A2892) 128GB 深空黑色 支持移动联通电信5G 双卡双待手机,￥7999.00,image/100038004345.png,https://item.jd.com/100038004345.html?bbtf=1
Apple,100014352539,Apple iPhone 13 Pro Max (A2644) 256GB 远峰蓝色 支持移动联通电信5G 双卡双待手机,￥9899.00,image/100014352539.png,https://item.jd.com/100014352539.html?bbtf=1
Apple,100014352523,Apple iPhone 13 Pro (A2639) 512GB 石墨色 支持移动联通电信5G 双卡双待手机,￥10699.00,image/100014352523.png,https://item.jd.com/100014352523.html?bbtf=1
Apple,100016034372,Apple iPhone 12 Pro Max (A2412) 256GB 海蓝色 支持移动联通电信5G 双卡双待手机,￥10099.00,image/100016034372.png,https://item.jd.com/100016034372.html?bbtf=1
Apple,100014446137,Apple iPhone 13 (A2634) 256GB 星光色 支持移动联通电信5G 双卡双待手机【大王卡】,￥5699.00,image/100014446137.png,https://item.jd.com/100014446137.html?bbtf=1
Apple,100038004363,Apple iPhone 14 Plus (A2888) 128GB 紫色 支持移动联通电信5G 双卡双待手机,￥6199.00,image/100038004363.png,https://item.jd.com/100038004363.html?bbtf=1
Apple,100048736912,Apple iPhone 14 Pro Max (A2896) 256GB 暗紫色 支持移动联通电信5G 双卡双待手机,￥9899.00,image/100048736912.png,https://item.jd.com/100048736912.html?bbtf=1
Apple,100009077437,Apple iPhone 12 mini (A2400) 256GB 红色 手机 支持移动联通电信5G,￥4699.00,image/100009077437.png,https://item.jd.com/100009077437.html?bbtf=1
Apple,100009077453,Apple iPhone 12 Pro (A2408) 256GB 海蓝色 支持移动联通电信5G 双卡双待手机,￥9299.00,image/100009077453.png,https://item.jd.com/100009077453.html?bbtf=1
Apple,100016437592,【赠卡首月免月租】Apple iPhone 12 (A2404) 128GB 绿色 支持移动联通电信5G 双卡双待手机,￥6799.00,image/100016437592.png,https://item.jd.com/100016437592.html?bbtf=1
Apple,100014352533,Apple iPhone 13 mini (A2629) 256GB 蓝色 手机 支持移动联通电信5G ,￥5599.00,image/100014352533.png,https://item.jd.com/100014352533.html?bbtf=1
Apple,100034855948,AppleiPhone13ProMax(A2644)128GB苍岭绿色支持移动联通电信5G双卡双待手机【1年期官方AppleCare+版】,￥9847.00,image/100034855948.png,https://item.jd.com/100034855948.html?bbtf=1
Apple,100038089691,Apple iPhone 14 Pro Max (A2896) 512GB 金色 支持移动联通电信5G 双卡双待手机【大王卡】,￥11399.00,image/100038089691.png,https://item.jd.com/100038089691.html?bbtf=1
Apple,100042692741,Apple iPhone 14 (A2884) 256GB 紫色 支持移动联通电信5G 双卡双待手机Apple,￥6299.00,image/100042692741.png,https://item.jd.com/100042692741.html?bbtf=1
Apple,100048736696,Apple iPhone 14 Pro Max (A2896) 128GB 暗紫色 支持移动联通电信5G 双卡双待手机,￥8999.00,image/100048736696.png,https://item.jd.com/100048736696.html?bbtf=1
Apple,10037092000781,Apple 苹果 iPhone 13 A2634 苹果13 iphone13 5G手机 128G 午夜色 套装一：搭配90天碎屏保障,￥4999.00,image/10037092000781.png,https://item.jd.com/10037092000781.html?bbtf=1
Apple,10037151069397,Apple 苹果 iPhone 13 (A2634)  全网通新品5G手机 午夜色 全网通 128G【官方标配】,￥5999.00,image/10037151069397.png,https://item.jd.com/10037151069397.html?bbtf=1
Apple,100038089749,Apple iPhone 14 Pro (A2892) 1TB 金色 支持移动联通电信5G 双卡双待手机【大王卡】,￥12299.00,image/100038089749.png,https://item.jd.com/100038089749.html?bbtf=1
Apple,10037124191770,Apple 苹果 iPhone 13 (A2634)  全网通 5G手机 128GB 蓝色 官方标配 【90天碎屏险】,￥4848.00,image/10037124191770.png,https://item.jd.com/10037124191770.html?bbtf=1
Apple,10037526256281,Apple 苹果13 苹果 iphone 手机(A2634) 5G  全网通 双卡双待手机 星光色 128GB（标配）,￥4929.00,image/10037526256281.png,https://item.jd.com/10037526256281.html?bbtf=1
Apple,10035736086423,Apple 苹果iPhone 13 (A2634) 5G手机 午夜色 128G 官方标配,￥4899.00,image/10035736086423.png,https://item.jd.com/10035736086423.html?bbtf=1
Apple,10023925387082,拍拍 Apple 苹果 iPhone 12  二手手机国行全网通 5G 学生机 黑色 64GB,￥2809.00,image/10023925387082.png,https://item.jd.com/10023925387082.html?bbtf=1
Apple,100017712475,Apple iPhone 13 (A2634) 128G 粉色 支持移动联通电信5G 双卡双待手机【全国移动用户专享】,￥5399.00,image/100017712475.png,https://item.jd.com/100017712475.html?bbtf=1
Apple,10037140759111,Apple苹果 iPhone 13 (A2634) 双卡双待全网通5G手机 128GB 星光色 官方标配+90天碎屏险,￥4839.00,image/10037140759111.png,https://item.jd.com/10037140759111.html?bbtf=1
Apple,10059999786178,Apple 苹果 iPhone 14（A2884）苹果14 5G手机全网通 午夜色 128G 官方标配,￥5399.00,image/10059999786178.png,https://item.jd.com/10059999786178.html?bbtf=1
小米,100018637796,Redmi K40 骁龙870 三星AMOLED 120Hz高刷屏 4800万高清三摄相机  6GB+128GB 亮黑 游戏电竞智能5G 小米 红米,￥1999.00,image/100018637796.png,https://item.jd.com/100018637796.html?bbtf=1
小米,100015394631,Redmi Note 11 5G 天玑810 33W Pro快充 5000mAh大电池  8GB +256GB 神秘黑境 智能手机 小米 红米,￥1199.00,image/100015394631.png,https://item.jd.com/100015394631.html?bbtf=1
小米,100009596081,Redmi Note 9 5G 天玑800U  18W快充 4800万超清三摄 青山外 8GB+128GB 智能手机 小米 红米,￥1399.00,image/100009596081.png,https://item.jd.com/100009596081.html?bbtf=1
小米,100011650795,Redmi Note 10 Pro 5G 天玑1100旗舰芯 67W快充 120Hz旗舰变速金刚屏 星纱 8GB+128GB 智能手机 小米红米,￥1899.00,image/100011650795.png,https://item.jd.com/100011650795.html?bbtf=1
小米,100035246662,Redmi K50 天玑8100 2K柔性直屏 OIS光学防抖 67W快充 5500mAh大电量 幻镜 12GB+256GB 5G智能手机 小米红米,￥2199.00,image/100035246662.png,https://item.jd.com/100035246662.html?bbtf=1
小米,100020062335,Redmi K40S 骁龙870 三星E4 AMOLED 120Hz直屏 OIS光学防抖 67W快充 幻镜 12GB+256GB 5G智能手机 小米红米,￥1899.00,image/100020062335.png,https://item.jd.com/100020062335.html?bbtf=1
小米,100015195341,Redmi Note 11 Pro 5G 三星AMOLED高刷屏 1亿像素 67W快充 VC液冷散热  6GB+128GB 神秘黑境 手机 小米 红米,￥1799.00,image/100015195341.png,https://item.jd.com/100015195341.html?bbtf=1
小米,100016799350,京品手机	 Redmi Note 9 Pro 5G 一亿像素 骁龙750G 33W快充 120Hz刷新率 碧海星辰 8GB+256GB 智能手机 小米 红米,￥1499.00,image/100016799350.png,https://item.jd.com/100016799350.html?bbtf=1
小米,100010617232,Redmi K30 5G双模 120Hz流速屏 骁龙765G 前置挖孔双摄 索尼6400万后置四摄 30W快充 6GB+128GB 深海微光 游戏智能手机 小米 红米,￥1599.00,image/100010617232.png,https://item.jd.com/100010617232.html?bbtf=1
小米,100011286249,京品手机	 Redmi K40 游戏增强版 天玑1200 67W闪充 120Hz高刷柔性直屏 8GB+256GB 光刃 游戏电竞智能5G手机 小米 红米,￥1799.00,image/100011286249.png,https://item.jd.com/100011286249.html?bbtf=1
小米,100023150133,Redmi Note11T Pro 5G 天玑8100 144HzLCD旗舰直屏 67W快充 8GB+256GB子夜黑 5G智能手机 小米红米,￥1799.00,image/100023150133.png,https://item.jd.com/100023150133.html?bbtf=1
小米,100011967508,京品手机	 Redmi K30 Pro 5G先锋 骁龙865旗舰处理器 弹出式超光感全面屏 索尼6400万高清四摄 4700mAh长续航 33W闪充 6GB+128GB 月幕白 游戏智能手机 小米 红米,￥2499.00,image/100011967508.png,https://item.jd.com/100011967508.html?bbtf=1
小米,100018642180,Redmi K40 Pro 骁龙888 三星E4旗舰120Hz高刷屏 6400万高清三摄 8GB+256GB 墨羽 游戏电竞智能5G手机小米红米,￥3299.00,image/100018642180.png,https://item.jd.com/100018642180.html?bbtf=1
小米,100019842233,Redmi Note 11 5G 天玑810 33W Pro快充  6GB +128GB 神秘黑境  小米 红米 合约机 购机补贴版,￥1299.00,image/100019842233.png,https://item.jd.com/100019842233.html?bbtf=1
小米,100013314458,Redmi 10X 5G 天玑820 双5G待机 4800万流光相机 水滴全面屏 8GB+128GB 胧月金 游戏智能老人手机 小米 红米,￥1699.00,image/100013314458.png,https://item.jd.com/100013314458.html?bbtf=1
小米,100015736369,Redmi K40 骁龙870 三星AMOLED 120Hz高刷直屏 4800万高清三摄 12GB+256GB 幻境 游戏电竞5G手机 小米 红米,￥2699.00,image/100015736369.png,https://item.jd.com/100015736369.html?bbtf=1
小米,100011650787,Redmi Note 10 5G 天玑700 6.5英寸FHD+高清屏 18W快充 月影银 8GB+256GB 智能手机 小米 红米,￥1599.00,image/100011650787.png,https://item.jd.com/100011650787.html?bbtf=1
小米,100010844215,小米11青春版 骁龙780G处理器  AMOLED柔性直屏 8GB+256GB 夏日柠檬  5G时尚手机,￥1399.00,image/100010844215.png,https://item.jd.com/100010844215.html?bbtf=1
小米,100016799386,京品手机	 Redmi Note 9 Pro 5G 一亿像素 骁龙750G 33W快充 120Hz刷新率 湖光秋色 8GB+128GB 智能手机 小米 红米,￥1299.00,image/100016799386.png,https://item.jd.com/100016799386.html?bbtf=1
小米,100020076123,Redmi K50Pro 天玑9000 AMOLED 2K柔性直屏 OIS光学防抖  120W快充 幽芒  8GB+256GB 5G智能手机 小米红米,￥2549.00,image/100020076123.png,https://item.jd.com/100020076123.html?bbtf=1
小米,100041239018,Redmi K60 骁龙8+处理器 2K高光屏 6400万超清相机 5500mAh长续航 12GB+512GB 晴雪 小米红米5G,￥2999.00,image/100041239018.png,https://item.jd.com/100041239018.html?bbtf=1
小米,100019791896,京品手机 小米11 Ultra 至尊 5G 骁龙888 2K AMOLED四曲面柔性屏 陶瓷工艺 12GB+256GB 白色 游戏手机,￥3899.00,image/100019791896.png,https://item.jd.com/100019791896.html?bbtf=1
小米,100017162592,京品手机	 Redmi Note 9 Pro 5G 一亿像素  静默星空 8GB+256GB 游戏 小米 红米 合约机 购机补贴版,￥1799.00,image/100017162592.png,https://item.jd.com/100017162592.html?bbtf=1
小米,100049486719,小米13 徕卡光学镜头 第二代骁龙8处理器 超窄边屏幕 120Hz高刷 67W快充 8+256GB 远山蓝 5G手机,￥4299.00,image/100049486719.png,https://item.jd.com/100049486719.html?bbtf=1
小米,100009586259,京品手机	 Redmi Note 9 Pro 5G 一亿像素 骁龙750G 33W快充 120Hz刷新率 碧海星辰 8GB+128GB 智能手机 小米 红米,￥1299.00,image/100009586259.png,https://item.jd.com/100009586259.html?bbtf=1
小米,100009586279,京品手机	 Redmi Note 9 Pro 5G 一亿像素 骁龙750G 33W快充 120Hz刷新率 静默星空 8GB+128GB 智能手机 小米 红米,￥1299.00,image/100009586279.png,https://item.jd.com/100009586279.html?bbtf=1
小米,100044834023,Redmi Note12 5G 120Hz OLED屏幕  骁龙4移动平台 5000mAh长续航 8GB+256GB时光蓝 智能手机 小米红米,￥1499.00,image/100044834023.png,https://item.jd.com/100044834023.html?bbtf=1
小米,100022512594,Redmi Note 10 Pro 5G 天玑1100液冷游戏芯 67W快充 120Hz旗舰变速金刚屏 星纱 6GB+128GB 游戏手机 小米红米,￥1699.00,image/100022512594.png,https://item.jd.com/100022512594.html?bbtf=1
小米,100023909614,Redmi Note 10 Pro 5G  67W快充  星纱 6GB+128GB 游戏手机 小米红米 合约机 购机补贴版,￥1699.00,image/100023909614.png,https://item.jd.com/100023909614.html?bbtf=1
小米,100021946077,Redmi K40S 骁龙870 三星E4 AMOLED  67W快充 幻境 12GB+256GB 5G 小米红米 合约机 购机补贴版,￥2399.00,image/100021946077.png,https://item.jd.com/100021946077.html?bbtf=1
荣耀,100016931017,荣耀X30 骁龙6nm疾速5G芯 66W超级快充 120Hz全视屏 全网通版 6GB+128GB 魅海蓝,￥1499.00,image/100016931017.png,https://item.jd.com/100016931017.html?bbtf=1
荣耀,100007206415,荣耀X10 5G双模 麒麟820 4300mAh续航 4000万高感光影像系统 6.63英寸升降全面屏 全网通6GB+128GB 光速银,￥2199.00,image/100007206415.png,https://item.jd.com/100007206415.html?bbtf=1
荣耀,100025446672,荣耀50 1亿像素超清影像 5G 6.57英寸超曲屏 66W超级快充 全网通版 8GB+256GB荣耀密码,￥2999.00,image/100025446672.png,https://item.jd.com/100025446672.html?bbtf=1
荣耀,100023876830,荣耀Play5T 22.5W超级快充 5000mAh大电池 6.5英寸护眼屏 全网通8GB+128GB极光蓝 合约机 购机补贴版,￥1199.00,image/100023876830.png,https://item.jd.com/100023876830.html?bbtf=1
荣耀,100011473965,京品手机 荣耀Play5 5G 66W超级快充 6400万超清四摄  6.53英寸大屏 8GB+256GB 钛空银 双卡双待 全网通,￥1699.00,image/100011473965.png,https://item.jd.com/100011473965.html?bbtf=1
荣耀,100013102509,荣耀Play5T Pro 6400万双摄 6.6英寸全视屏 22.5W超级快充 4000mAh大电池 全网通版8GB+128GB 钛空银,￥1499.00,image/100013102509.png,https://item.jd.com/100013102509.html?bbtf=1
荣耀,100012545832,荣耀30 50倍远摄 麒麟985 5G 4000万超广角AI四摄 3200W美颜自拍 全网通版8GB+128GB 钛空银 全面屏手机,￥2999.00,image/100012545832.png,https://item.jd.com/100012545832.html?bbtf=1
荣耀,100029666212,荣耀60 前后双曲设计 1亿像素超清摄影 高通骁龙778G 5G 66W智慧超级快充 全网通版 8GB+256GB 亮黑色,￥2999.00,image/100029666212.png,https://item.jd.com/100029666212.html?bbtf=1
荣耀,100027934426,荣耀Play5T 22.5W超级快充 5000mAh大电池 6.5英寸护眼屏 全网通8GB+128GB幻夜黑【电信新用户专享】,￥1199.00,image/100027934426.png,https://item.jd.com/100027934426.html?bbtf=1
荣耀,100027934416,荣耀Play5T 22.5W超级快充 5000mAh大电池 6.5英寸护眼屏 全网通8GB+128GB钛空银【电信新用户专享】,￥1199.00,image/100027934416.png,https://item.jd.com/100027934416.html?bbtf=1
荣耀,100006875119,荣耀30 Pro 50倍远摄 麒麟990 5G 4000万超感光摄影 3200W美颜自拍 游戏手机 全网通版8GB+128GB 幻夜黑,￥3999.00,image/100006875119.png,https://item.jd.com/100006875119.html?bbtf=1
荣耀,100028087936,荣耀X30i 7.45mm超薄全视屏 22.5W超级快充 6nm 5G疾速芯 全网通版 6G+128G 钛空银,￥1399.00,image/100028087936.png,https://item.jd.com/100028087936.html?bbtf=1
荣耀,100024697369,荣耀X30 骁龙6nm疾速5G芯 66W超级快充 120Hz全视屏 全网通版 8GB+128GB 钛空银【一年不限碎屏险】,￥1768.00,image/100024697369.png,https://item.jd.com/100024697369.html?bbtf=1
荣耀,100034408372,荣耀X30 骁龙6nm疾速5G芯 66W超级快充 120Hz全视屏 全网通版 8GB+128GB 钛空银 合约机 购机补贴版,￥1699.00,image/100034408372.png,https://item.jd.com/100034408372.html?bbtf=1
荣耀,100025316166,荣耀Play5T Pro 6400万双摄 4000mAh大电池 全网通版8GB+128GB 钛空银 合约机 购机补贴版,￥1499.00,image/100025316166.png,https://item.jd.com/100025316166.html?bbtf=1
荣耀,100025653220,荣耀Play5T Pro 6400万双摄 6.6英寸全视屏 22.5W超级快充 4000mAh大电池 全网通版8GB+128GB 钛空银,￥1499.00,image/100025653220.png,https://item.jd.com/100025653220.html?bbtf=1
荣耀,100025653346,荣耀Play5T Pro 6400万双摄 6.6英寸全视屏 22.5W超级快充 4000mAh大电池 全网通版8GB+128GB 钛空银【企业专享】,￥1499.00,image/100025653346.png,https://item.jd.com/100025653346.html?bbtf=1
荣耀,100019516897,荣耀X30 骁龙6nm疾速5G芯 66W超级快充 120Hz全视屏 全网通版 8GB+128GB 幻夜黑 合约机 购机补贴版,￥1699.00,image/100019516897.png,https://item.jd.com/100019516897.html?bbtf=1
荣耀,100021004019,荣耀X30 骁龙6nm疾速5G芯 66W超级快充 120Hz全视屏 全网通版 8GB+128GB 幻夜黑,￥1699.00,image/100021004019.png,https://item.jd.com/100021004019.html?bbtf=1
荣耀,100024697375,荣耀X30 骁龙6nm疾速5G芯 66W超级快充 120Hz全视屏 全网通版 8GB+128GB 幻夜黑【一年不限碎屏险】,￥1768.00,image/100024697375.png,https://item.jd.com/100024697375.html?bbtf=1
荣耀,100036301392,荣耀Play6T Pro 天玑810 40W超级快充 6nm疾速芯 4800万超清双摄 全网通 5G手机 8GB+256GB 钛空银,￥1399.00,image/100036301392.png,https://item.jd.com/100036301392.html?bbtf=1
荣耀,100015584802,京品手机 荣耀X10  5G双模 麒麟820 4300mAh续航 4000万高感光影像系统 全网通8GB+128GB 光速银【购机补贴版】,￥2399.00,image/100015584802.png,https://item.jd.com/100015584802.html?bbtf=1
荣耀,100013452133,荣耀Play5T Pro 6400万双摄 4000mAh大电池 全网通版8GB+128GB 幻夜黑 合约机 购机补贴版,￥1499.00,image/100013452133.png,https://item.jd.com/100013452133.html?bbtf=1
红米,100036775578,Redmi K40S 骁龙870 三星E4 AMOLED 120Hz直屏 OIS光学防抖 67W快充 亮黑 12GB+256GB 5G智能手机 小米红米,￥2399.00,image/100036775578.png,https://item.jd.com/100036775578.html?bbtf=1
红米,100038049070,Redmi K40S 骁龙870 三星E4 AMOLED  67W快充 亮黑 12GB+256GB 5G 小米红米 合约机 购机补贴版,￥2399.00,image/100038049070.png,https://item.jd.com/100038049070.html?bbtf=1
红米,100035421554,Redmi K50 天玑8100 2K柔性直屏 OIS光学防抖 67W快充 5500mAh大电量墨羽  12GB+256GB  5G智能手机 小米红米,￥2799.00,image/100035421554.png,https://item.jd.com/100035421554.html?bbtf=1
iqoo,100048172469,vivo iQOO Neo7 SE 8GB+256GB 银河  天玑8200 120W超快闪充 120Hz柔性直屏 5G游戏电竞性能手机,￥1719.00,image/100048172469.png,https://item.jd.com/100048172469.html?bbtf=1
iqoo,10050378671057,vivo iQOO Neo6SE 骁龙870 80W闪充大电量 OIS光学防抖 5G电竞游戏智能手机 12GB+512GB 星际 官方标配,￥2499.00,image/10050378671057.png,https://item.jd.com/10050378671057.html?bbtf=1
iqoo,100018256265,vivo iQOO U5 5G手机全网通 骁龙695 6+128GB 深黑色 vivo合约机 移动用户专享,￥1299.00,image/100018256265.png,https://item.jd.com/100018256265.html?bbtf=1
iqoo,100045503698,vivo iQOO Z7 12GB+256GB无限橙 120W超快闪充 等效5000mAh强续航 6400万像素 OIS光学防抖 5G手机iqooz7,￥1999.00,image/100045503698.png,https://item.jd.com/100045503698.html?bbtf=1
iqoo,100054509673,限量焕新vivo iQOO Neo7 12GB+512GB 几何黑 天玑9000+ 独显芯片Pro+ E5柔性直屏 120W超快闪充 5G全网通手机iqooneo7,￥3599.00,image/100054509673.png,https://item.jd.com/100054509673.html?bbtf=1
iqoo,100048172443,vivo iQOO 11 Pro 12GB+256GB 传奇版 200W超快闪充 第二代骁龙8 2K 144Hz E6 全感屏 自研芯片V2 5G电竞手机,￥5499.00,image/100048172443.png,https://item.jd.com/100048172443.html?bbtf=1
iqoo,10046044451172,vivo iQOO U5x 骁龙680处理器 5000mAh超大电池 128G大内存 全网通智能手机 8GB 128GB 星光黑 官方标配,￥929.00,image/10046044451172.png,https://item.jd.com/10046044451172.html?bbtf=1
iqoo,100045503680,vivo iQOO Z7x 8GB+256GB 浅海蓝 80W闪充 6000mAh巨量电池 骁龙695 120Hz竞速屏 5G手机iqooz7x,￥1499.00,image/100045503680.png,https://item.jd.com/100045503680.html?bbtf=1
iqoo,100045503710,vivo iQOO Z7i 4GB+128GB 冰湖蓝 5000mAh轻薄长续航 5G强劲芯 128GB可拓展大内存 5G智能手机iqooz7i,￥899.00,image/100045503710.png,https://item.jd.com/100045503710.html?bbtf=1
iqoo,10055401232211,vivo iQOO 10 第一代骁龙8+ 120W闪充 自研芯片V1+ E5超视网膜屏 电竞手机 12GB+512GB 赛道版 官方标配,￥3899.00,image/10055401232211.png,https://item.jd.com/10055401232211.html?bbtf=1
iqoo,100045383653,vivo iQOO Z6 12GB+256GB 墨玉 80W闪充 6400万像素光学防抖 骁龙778G Plus 5G智能手机iqooz6,￥1799.00,image/100045383653.png,https://item.jd.com/100045383653.html?bbtf=1
iqoo,100030441732, vivo iQOO Neo5S 骁龙888 独显芯片Pro 双电芯66W闪充 专业电竞游戏手机 双模5G全网通 8GB+256GB 夜行空间,￥2299.00,image/100030441732.png,https://item.jd.com/100030441732.html?bbtf=1
iqoo,100037201089,vivo iQOO U5x 8GB+128GB极昼蓝 骁龙680 5000mAh大电池 6.51英寸大屏幕 智慧三摄 全网通智能手机,￥929.00,image/100037201089.png,https://item.jd.com/100037201089.html?bbtf=1
iqoo,100046034560,限量焕新vivo iQOO Neo7 12GB+256GB 波普橙 天玑9000+ 独显芯片Pro+ E5柔性直屏 120W超快闪充 5G全网通手机iqooneo7,￥3299.00,image/100046034560.png,https://item.jd.com/100046034560.html?bbtf=1
iqoo,100036496447,vivo iQOO Z6 12GB+256GB 墨玉 80W闪充 6400万像素光学防抖 骁龙778G Plus 5G智能手机iqooz6   影,￥2099.00,image/100036496447.png,https://item.jd.com/100036496447.html?bbtf=1
iqoo,10067238697731,vivo iQOO Neo7竞速版 骁龙8+旗舰芯片 120W闪充独立芯片Pro+5G游戏手机 12G+256G 几何黑,￥2799.00,image/10067238697731.png,https://item.jd.com/10067238697731.html?bbtf=1
iqoo,100037201087,vivo iQOO Neo6 SE 12GB+256GB 霓虹 高通骁龙870 双电芯80W闪充 OIS光学防抖 双模5G全网通手机,￥2399.00,image/100037201087.png,https://item.jd.com/100037201087.html?bbtf=1
iqoo,10062493088973,vivo iQOO Neo7天玑9000+独显芯片Pro+ 120W闪充E5柔性直屏5G游戏智能手机 12GB+256GB 波普橙 官方标配,￥2359.00,image/10062493088973.png,https://item.jd.com/10062493088973.html?bbtf=1
iqoo,100054509669,限量焕新vivo iQOO Neo7 12GB+512GB 波普橙 天玑9000+ 独显芯片Pro+ E5柔性直屏 120W超快闪充 5G全网通手机iqooneo7,￥3599.00,image/100054509669.png,https://item.jd.com/100054509669.html?bbtf=1
一加,100050621211,OPPO 一加 11 16GB+512GB 一瞬青 第二代骁龙 8 哈苏影像拍照 2K + 120Hz 高刷屏 游戏电竞5G旗舰手机,￥4899.00,image/100050621211.png,https://item.jd.com/100050621211.html?bbtf=1
一加,100010849121,京品手机 一加 OnePlus 9 5G旗舰120Hz 柔性屏12GB+256GB 鲸蓝 骁龙888 65W快充 拍照游戏手机【购机补贴版】,￥3299.00,image/100010849121.png,https://item.jd.com/100010849121.html?bbtf=1
一加,100041011069,OPPO 一加 Ace Pro 16GB+256GB 黑森 享OPPO官方售后 骁龙8+旗舰芯 长寿版150W闪充 游戏稳帧引擎 5G游戏手机,￥3799.00,image/100041011069.png,https://item.jd.com/100041011069.html?bbtf=1
一加,100033612658,一加 10 Pro 全新骁龙 8 哈苏影像2.0 80W超级闪充  12GB+256GB破界黑 5G游戏手机,￥4799.00,image/100033612658.png,https://item.jd.com/100033612658.html?bbtf=1
一加,100034564842,一加 10 Pro 高通骁龙8  80W超级闪充  12GB+256GB破界黑 5G游戏手机 合约机 购机补贴版,￥5299.00,image/100034564842.png,https://item.jd.com/100034564842.html?bbtf=1
一加,100036294440,一加 10 Pro 高通骁龙8 哈苏影像2.0 80W超级闪充  12GB+256GB破界黑 5G游戏手机【京奢无忧服务套装】,￥4799.00,image/100036294440.png,https://item.jd.com/100036294440.html?bbtf=1
一加,100036935704,京品手机 一加 OnePlus 9 5G 120Hz 柔性屏12GB+256GB 鲸蓝 骁龙888 65W快充 哈苏专业模式 超广角拍照游戏手机,￥2999.00,image/100036935704.png,https://item.jd.com/100036935704.html?bbtf=1
一加,100036935706,京品手机 一加 OnePlus 9 5G 120Hz 柔性屏12GB+256GB 鲸蓝 骁龙888 65W快充 哈苏专业模式 超广角拍照游戏手机,￥2999.00,image/100036935706.png,https://item.jd.com/100036935706.html?bbtf=1
一加,100036935708,京品手机 一加 OnePlus 9 5G 120Hz 柔性屏12GB+256GB 鲸蓝 骁龙888 65W快充 哈苏专业模式 超广角拍照游戏手机,￥2999.00,image/100036935708.png,https://item.jd.com/100036935708.html?bbtf=1
一加,100022287639,京品手机 一加 Ace 天玑8100-MAX 150W闪充 5000万超清三摄 12GB+256GB 开黑 5G游戏手机 合约机 购机补贴版,￥2999.00,image/100022287639.png,https://item.jd.com/100022287639.html?bbtf=1
一加,100019902358,一加 OnePlus 9 Pro 5G旗舰2K+120Hz 柔性屏12GB+256GB 绿洲 骁龙888 65W快充 拍照手机【购机补贴版】,￥4699.00,image/100019902358.png,https://item.jd.com/100019902358.html?bbtf=1
一加,100018984685,一加 10 Pro 全新骁龙 8 哈苏影像2.0 80W超级闪充  12GB+256GB万物青 5G游戏手机,￥4799.00,image/100018984685.png,https://item.jd.com/100018984685.html?bbtf=1
一加,100036294476,一加 10 Pro 高通骁龙8 哈苏影像2.0 80W超级闪充  12GB+256GB万物青 5G游戏手机【京奢无忧服务套装】,￥4799.00,image/100036294476.png,https://item.jd.com/100036294476.html?bbtf=1
一加,100023393969,一加 9RT 5G 120Hz 高刷好屏12GB+256GB 青空结界 高通骁龙888 65T快充 原神拍照游戏手机,￥2899.00,image/100023393969.png,https://item.jd.com/100023393969.html?bbtf=1
一加,100023393971,一加 9RT 5G 120Hz 高刷好屏12GB+256GB 暗物质 高通骁龙888 65T快充 原神超广角拍照手机,￥2899.00,image/100023393971.png,https://item.jd.com/100023393971.html?bbtf=1
一加,10051695942479,OPPO 一加 Ace 竞速版享OPPO官方售后天玑8100-MAX120Hz变速电屏5G游戏手机 竞技灰 8GB+256GB,￥1599.00,image/10051695942479.png,https://item.jd.com/10051695942479.html?bbtf=1
一加,100033632196,一加 10 Pro 全新骁龙 8 哈苏影像2.0 80W超级闪充 12GB+512GB至尊版 胖达白 5G游戏手机,￥5299.00,image/100033632196.png,https://item.jd.com/100033632196.html?bbtf=1
一加,100039555267,OPPO 一加 Ace Pro 16GB+512GB 青雾 骁龙8+旗舰芯 长寿版150W闪充 5G游戏手机【京奢无忧服务套装】,￥4299.00,image/100039555267.png,https://item.jd.com/100039555267.html?bbtf=1
一加,100023393973,一加 9RT 5G 120Hz 高刷好屏12GB+256GB 骇客银 高通骁龙888 65T快充 原神超广角拍照手机,￥2899.00,image/100023393973.png,https://item.jd.com/100023393973.html?bbtf=1
一加,100036294486,一加 10 Pro 高通骁龙 8 哈苏影像2.0 80W超级闪充 12GB+512GB至尊版 胖达白 5G游戏手机【京奢无忧服务套装】,￥5299.00,image/100036294486.png,https://item.jd.com/100036294486.html?bbtf=1
一加,100020035292,京品手机 一加 OnePlus 9 5G 120Hz 柔性屏8GB+128GB 黑曜 骁龙888 65W快充 哈苏专业模式 超广角拍照游戏手机,￥3199.00,image/100020035292.png,https://item.jd.com/100020035292.html?bbtf=1
一加,100023393975,一加 9RT 5G 120Hz 高刷好屏8GB+256GB 暗物质 高通骁龙888 65T快充 原神超广角拍照手机,￥2699.00,image/100023393975.png,https://item.jd.com/100023393975.html?bbtf=1
一加,100023393959,一加 9RT 5G 120Hz 高刷好屏8GB+256GB 骇客银 高通骁龙888 65T快充 原神专业超广角拍照手机,￥2699.00,image/100023393959.png,https://item.jd.com/100023393959.html?bbtf=1
realme,100020041097,realme真我GT Neo3 天玑8100 80W超速闪充 独立显示芯片 赛道双条纹设计 12GB+256GB 勒芒 5g游戏手机,￥2199.00,image/100020041097.png,https://item.jd.com/100020041097.html?bbtf=1
realme,100045508770,realme真我GT Neo5 150W光速秒充 觉醒光环系统 144Hz 1.5K直屏 骁龙8+ 5G芯 16GB+512GB 紫域幻想 5G手机,￥2799.00,image/100045508770.png,https://item.jd.com/100045508770.html?bbtf=1
realme,100021468507,realme真我Q5 6nm骁龙5G芯 60W智慧闪充 5000mAh超大电池 8GB+256GB 冰河斩浪 5G智能手机,￥1199.00,image/100021468507.png,https://item.jd.com/100021468507.html?bbtf=1
realme,100046328395,realme真我10 Pro+2160Hz旗舰曲面屏* 天玑1080旗舰芯 一亿像素街拍相机 8GB+256GB 海 5G手机,￥1399.00,image/100046328395.png,https://item.jd.com/100046328395.html?bbtf=1
realme,100048017638,realme真我GT Neo5 SE 第二代骁龙7+旗舰芯 144Hz 1.5K直屏 100W+5500mAh长续航 8+256GB 极影黑 5G手机,￥1799.00,image/100048017638.png,https://item.jd.com/100048017638.html?bbtf=1
realme,100034964174,realme真我GT Neo3 150W 天玑8100 150W光速秒充 独立显示芯片 赛道双条纹设计 12GB+256GB 勒芒 5G手机,￥1799.00,image/100034964174.png,https://item.jd.com/100034964174.html?bbtf=1
realme,100047888432,realme真我Q5 8GB+256GB 冰河斩浪【焕新季活动】,￥1399.00,image/100047888432.png,https://item.jd.com/100047888432.html?bbtf=1
realme,100050927527,realme真我10s 天玑810 5G疾速芯 256GB超大内存 5000mAh大电池+33W智慧闪充 8GB+256GB 石晶黑 5G手机,￥1199.00,image/100050927527.png,https://item.jd.com/100050927527.html?bbtf=1
realme,100030125234,realme 真我GT Neo2 骁龙870 120Hz旗舰屏 5000mAh大电池 65W闪充 8+256GB 影黑 5G手机【购机补贴版】,￥2699.00,image/100030125234.png,https://item.jd.com/100030125234.html?bbtf=1
realme,100023135135,realme真我Q5 6nm骁龙5G芯 60W智慧闪充 5000mAh超大电池 8+128GB 魅影 5G智能手机,￥1299.00,image/100023135135.png,https://item.jd.com/100023135135.html?bbtf=1
realme,100027883285,realme真我GT2大师探索版 骁龙8+旗舰芯 新一代X7独显芯片 5000mAh+100W光速秒充 12+256GB 硬箱·旷野 5G手机,￥2995.00,image/100027883285.png,https://item.jd.com/100027883285.html?bbtf=1
realme,100030125244,realme 真我GT Neo2T 天玑1200-AI 5G处理器 120Hz三星AMOLED屏 65W闪充 12+256GB 墨黑【购机补贴版】,￥2599.00,image/100030125244.png,https://item.jd.com/100030125244.html?bbtf=1
realme,10048135743867,【现货速发】realme真我GT Neo3 5G新品手机 （neo5店内可选 12期分期可选） 勒芒 12+256【80w闪充】 官方标配,￥1999.00,image/10048135743867.png,https://item.jd.com/10048135743867.html?bbtf=1
realme,100037895632,realme真我GT Neo3 150W 天玑8100 150W光速秒充 独立显示芯片 12GB+256GB 银石 5G手机【购机补贴版】,￥2899.00,image/100037895632.png,https://item.jd.com/100037895632.html?bbtf=1
realme,100038796418,realme真我Q5 Pro 80W超速闪充 骁龙870处理器 120Hz AMOLED E4 旗舰屏 8GB+128GB 雪地漂移 5G智能手机【购机补贴版】,￥2099.00,image/100038796418.png,https://item.jd.com/100038796418.html?bbtf=1
realme,100030125242,realme 真我GT Neo2 骁龙870 120Hz旗舰屏 5000mAh大电池 65W闪充 12+256GB 影黑 5G手机【购机补贴版】,￥2999.00,image/100030125242.png,https://item.jd.com/100030125242.html?bbtf=1
realme,100046282350,realme真我10 Pro 120Hz超窄天际屏 一亿像素街拍相机 8GB+256GB 星曜之光 5G手机 全网通 【移动用户惠享】,￥1199.00,image/100046282350.png,https://item.jd.com/100046282350.html?bbtf=1
realme,100024849374,realme 真我GT 大师探索版 120Hz三星AMOLED曲面屏 骁龙870旅行箱·灰8GB+128GB双模5g手机 gt【购机补贴版】,￥2899.00,image/100024849374.png,https://item.jd.com/100024849374.html?bbtf=1
realme,10034205669607,爱心东东 realme 真我GT大师探索 /GT2大师探索版骁龙870 120Hz曲面屏 5G全网通手机 【GT大师探索版】雪山 12+256G【90天碎屏宝】,￥2999.00,image/10034205669607.png,https://item.jd.com/10034205669607.html?bbtf=1
realme,10033616685718,realme真我GT Neo5 5G新品手机 真我gtneo5 宙夜黑（150W） 全网通16GB+256GB,￥2999.00,image/10033616685718.png,https://item.jd.com/10033616685718.html?bbtf=1
realme,10036395165171,realme 真我Q5 新品5G手机 竞速黄昏 全网通8GB+256GB,￥1299.00,image/10036395165171.png,https://item.jd.com/10036395165171.html?bbtf=1
realme,100036935796,realme 真我GT2 Pro 全新一代骁龙8 2K无级变帧屏 50MP旗舰双主摄 8GB+256GB 锻黑 5G手机,￥3499.00,image/100036935796.png,https://item.jd.com/100036935796.html?bbtf=1
realme,100036935816,realme 真我GT2 Pro 全新一代骁龙8 2K无级变帧屏 50MP旗舰双主摄 8GB+256GB 锻黑 5G手机,￥3499.00,image/100036935816.png,https://item.jd.com/100036935816.html?bbtf=1
realme,100036935818,realme 真我GT2 Pro 全新一代骁龙8 2K无级变帧屏 50MP旗舰双主摄 8GB+256GB 锻黑 5G手机,￥3499.00,image/100036935818.png,https://item.jd.com/100036935818.html?bbtf=1
realme,10036678059708,realme 真我Q5Pro 5G新品手机 雪地漂移 全网通8GB+256GB,￥1848.00,image/10036678059708.png,https://item.jd.com/10036678059708.html?bbtf=1
realme,100023135149,realme真我Q5i 天玑810 4+128GB 曜空蓝 5G智能手机 realme合约机 移动用户专享,￥1199.00,image/100023135149.png,https://item.jd.com/100023135149.html?bbtf=1
realme,100021307843,真我 realme GT Neo3 gtneo3银石150W 12+256GB 5G智能手机 realme合约机 移动用户专享,￥1979.00,image/100021307843.png,https://item.jd.com/100021307843.html?bbtf=1
realme,10049732805847,realme 真我Q5 5G新品手机 冰河斩浪 全网通8GB+256GB 官方标配【90天碎屏宝】,￥1299.00,image/10049732805847.png,https://item.jd.com/10049732805847.html?bbtf=1
realme,10068556601368,realme真我GT Neo5 240W光速秒充 觉醒光环系统 144Hz 1.5K直屏 骁龙8+ 圣境白 150W 12GB+256GB,￥2699.00,image/10068556601368.png,https://item.jd.com/10068556601368.html?bbtf=1
realme,100051789808,realme真我11 Pro+ 2亿单镜变焦相机 2160Hz旗舰曲面屏 100W+5000mAh长续航 12GB+1TB 绿野之城 5G手机,￥2799.00,image/100051789808.png,https://item.jd.com/100051789808.html?bbtf=1
三星,100046912339,三星 SAMSUNG Galaxy S22 超视觉夜拍系统超清夜景 超电影影像系统 超耐用精工设计 8GB+128GB 雾松绿 5G手机,￥3289.00,image/100046912339.png,https://item.jd.com/100046912339.html?bbtf=1
三星,100013225229,三星 SAMSUNG Galaxy Z Flip3 5G 折叠屏 双模5G手机 立式交互体验 IPX8防水 8GB+256GB黑 陨石海岸,￥4135.00,image/100013225229.png,https://item.jd.com/100013225229.html?bbtf=1
三星,100018354355,三星 SAMSUNG Galaxy S22 Ultra 超视觉夜拍系统  超耐用精工设计 大屏S Pen书写 12GB+256GB 羽梦白 5G手机,￥8499.00,image/100018354355.png,https://item.jd.com/100018354355.html?bbtf=1
三星,100033268461,三星 SAMSUNG Galaxy Z Flip4 掌心折叠设计 立式自由拍摄系统 8GB+256GB 5G折叠屏手机 哥特太空,￥7499.00,image/100033268461.png,https://item.jd.com/100033268461.html?bbtf=1
三星,100035403058,三星 SAMSUNG Galaxy A53 5G手机 120Hz超顺滑全视屏 IP67级防尘防水 6400万超清四摄 8GB+256GB 糯糯白,￥2259.00,image/100035403058.png,https://item.jd.com/100035403058.html?bbtf=1
三星,100033268457,三星 SAMSUNG Galaxy Z Fold4  沉浸大屏体验 PC般强大生产力 12GB+512GB 5G折叠手机 云粉金,￥13999.00,image/100033268457.png,https://item.jd.com/100033268457.html?bbtf=1
三星,100042368208,三星 SAMSUNG Galaxy S23 Ultra 超视觉夜拍 稳劲性能 大屏S Pen书写 8GB+256GB 悠柔白 5G手机,￥8498.00,image/100042368208.png,https://item.jd.com/100042368208.html?bbtf=1
三星,100018354381,三星 SAMSUNG Galaxy S22+ 超视觉夜拍系统超清夜景 超电影影像系统 超耐用精工设计8GB+256GB 曜夜黑 5G手机,￥6399.00,image/100018354381.png,https://item.jd.com/100018354381.html?bbtf=1
三星,100042368194,三星 SAMSUNG Galaxy S23 超视觉夜拍 可持续性设计 超亮全视护眼屏 8GB+128GB 悠柔白 5G手机,￥5199.00,image/100042368194.png,https://item.jd.com/100042368194.html?bbtf=1
三星,100049647031,三星 SAMSUNG 心系天下 三星 W23 非凡陶瓷 尊奢铰链 16GB+512GB 5G折叠手机 熠金黑 附S Pen,￥15999.00,image/100049647031.png,https://item.jd.com/100049647031.html?bbtf=1
三星,100017594509,三星 SAMSUNG Galaxy S21 FE 5G 第二代动态AMOLED 120Hz 骁龙888 IP68防尘防水 8GB+128GB 香提绿 5G手机,￥3699.00,image/100017594509.png,https://item.jd.com/100017594509.html?bbtf=1
三星,10070305439425,拍拍 三星 SAMSUNG 心系天下W22 二手手机5G 高刷折叠屏 骁龙888 5G手机 99新 雅瓷黑 16GB+512G原装充电器,￥7339.00,image/10070305439425.png,https://item.jd.com/10070305439425.html?bbtf=1
三星,10033637811234,拍拍	 【官翻机-准新】三星 Galaxy S20/S20+5G 三星大陆国行 二手手机 S20+ 黑色 12GB+128GB,￥2799.00,image/10033637811234.png,https://item.jd.com/10033637811234.html?bbtf=1
三星,100042368198,三星 SAMSUNG Galaxy S23+ 超视觉夜拍 可持续性设计 超亮全视护眼屏 8GB+256GB 悠雾紫 5G手机,￥6999.00,image/100042368198.png,https://item.jd.com/100042368198.html?bbtf=1
三星,10025817297269,拍拍	 【官翻机-准新】三星Galaxy Note20 Ultra 5G手机 专业视频拍摄 spen 曜岩黑  12GB+ 256GB,￥4099.00,image/10025817297269.png,https://item.jd.com/10025817297269.html?bbtf=1
三星,100042483091,三星 SAMSUNG W23 Flip 尊奢黑金 掌心经典 立式自由拍摄系统 小屏大用 12GB+512GB 5G折叠手机 熠金黑,￥9999.00,image/100042483091.png,https://item.jd.com/100042483091.html?bbtf=1
三星,10039029370385,拍拍 三星（SAMSUNG) Galaxy Note20 Ultra 5G 二手手机 三星手机 99新 迷雾金【99新】 12G+256G 全网通【99新】,￥3448.00,image/10039029370385.png,https://item.jd.com/10039029370385.html?bbtf=1
三星,66897448266,拍拍	 Galaxy Note10+（5G版）三星手机 国行 二手手机 白色 12G+256G,￥2689.00,image/66897448266.png,https://item.jd.com/66897448266.html?bbtf=1
三星,100037063917,三星 SAMSUNG Galaxy S22 超视觉夜拍系统超清夜景 超电影影像系统 超耐用精工设计 8GB+128GB 雾松绿 5G手机,￥3599.00,image/100037063917.png,https://item.jd.com/100037063917.html?bbtf=1
三星,10074373003555,拍拍 三星 Galaxy Z Flip3（F7110) 二手手机 5G 折叠屏 双模5G 三星手机 95新 陨石海岸 8G+128GB（原厂充电器）,￥2779.00,image/10074373003555.png,https://item.jd.com/10074373003555.html?bbtf=1
三星,71186419705,拍拍	 【官翻机-准新】三星 Galaxy S20 5G 双模5G手机 120Hz超感官全视屏 遐想灰【国行】 12GB+ 128GB,￥2599.00,image/71186419705.png,https://item.jd.com/71186419705.html?bbtf=1
三星,100037017757,三星 SAMSUNG Galaxy S22 Ultra 超视觉夜拍系统 超耐用精工设计 大屏S Pen书写 12GB+256GB 雾松绿 5G手机,￥8499.00,image/100037017757.png,https://item.jd.com/100037017757.html?bbtf=1
三星,100044556914,三星 SAMSUNG Galaxy S23 超视觉夜拍 可持续性设计 超亮全视护眼屏 8GB+256GB 悠野绿 5G手机【学生专享版】,￥5699.00,image/100044556914.png,https://item.jd.com/100044556914.html?bbtf=1
三星,10069812656333,三星Samsung Galaxy S23 Ultra SM-S9180 稳劲性能大屏 S Pen书写 S23 Ultra 悠远黑 12GB+512GB 港版,￥8159.00,image/10069812656333.png,https://item.jd.com/10069812656333.html?bbtf=1
三星,65280338717,拍拍 三星（SAMSUNG）Galaxy 三星S9 5.8寸全视曲面屏 三星手机 二手手机 99新 迷夜黑 128G+全网通+送充电器套装,￥1028.00,image/65280338717.png,https://item.jd.com/65280338717.html?bbtf=1
三星,100044556952,三星 SAMSUNG Galaxy S23 Ultra 超视觉夜拍 稳劲性能 12GB+512GB 悠野绿 5G手机【学生专享版】,￥10699.00,image/100044556952.png,https://item.jd.com/100044556952.html?bbtf=1
三星,100055544423,三星 SAMSUNG Galaxy A54 5G手机 大角度OIS光学防抖 IP67级防尘防水 5000mAh大电池 8GB+256GB 雪雾白,￥3399.00,image/100055544423.png,https://item.jd.com/100055544423.html?bbtf=1
三星,10028706414113,拍拍 三星（SAMSUNG）Galaxy 三星S21 Ultra三星手机 5G 二手手机 99新 幽夜黑 12GB+256GB 全网通【99新】,￥3588.00,image/10028706414113.png,https://item.jd.com/10028706414113.html?bbtf=1
三星,10071785394956,拍拍 三星 SAMSUNG 心系天下W22 二手手机 5G 折叠屏 骁龙888 5G手机 9成新 雅瓷黑 16G+512G原装充电器,￥7169.00,image/10071785394956.png,https://item.jd.com/10071785394956.html?bbtf=1
三星,10026737782064,拍拍 三星 Galaxy S21 双模5G 手机三星 5g 备用机 二手手机 颜色随机发货 8G+128G,￥2039.00,image/10026737782064.png,https://item.jd.com/10026737782064.html?bbtf=1
魅族,100014415029,魅族 18s 8GB+128GB 渡海 5G 骁龙888+ 支持36W超充 6.2英寸2K曲面屏 6400W高清三摄光学防抖 拍照手机,￥2699.00,image/100014415029.png,https://item.jd.com/100014415029.html?bbtf=1
魅族,100047412706,魅族 20 12GB+512GB 悦动黄 第二代骁龙8旗舰芯片 144Hz电竞直屏 支持67W快充 超薄机身设计 5G手机,￥3799.00,image/100047412706.png,https://item.jd.com/100047412706.html?bbtf=1
魅族,100046318790,魅族 20 PRO 12GB+256GB 破晓灰 第二代骁龙8旗舰芯片 5000mAh电池 支持50W无线超充 超薄机身设计 5G手机,￥4399.00,image/100046318790.png,https://item.jd.com/100046318790.html?bbtf=1
魅族,100014415037,魅族 18s Pro 8GB+128GB 银河秘境 5G 骁龙888+ 支持40W无线超充 2K曲面屏 AR全场景大师影像系统 拍照手机,￥3499.00,image/100014415037.png,https://item.jd.com/100014415037.html?bbtf=1
魅族,10051080850122,拍拍 魅族（MEIZU） 魅蓝Note5 安卓八核CPU 安卓二手手机 香槟金 3GB+32GB 全网通4G 9成新,￥228.00,image/10051080850122.png,https://item.jd.com/10051080850122.html?bbtf=1
魅族,10070724295920,魅族 20 第二代骁龙8旗舰芯片 144Hz电竞直屏 支持67W快充 超薄机身设计 5G手机 先锋灰 12+256GB,￥3399.00,image/10070724295920.png,https://item.jd.com/10070724295920.html?bbtf=1
魅族,10070728457132,魅族 20 PRO第二代高通骁龙8Gen2  5000mAh电池支持50W无线超充 超薄机身5G手机 破晓灰 12+256GB,￥4399.00,image/10070728457132.png,https://item.jd.com/10070728457132.html?bbtf=1
魅族,10025170655580,拍拍 魅族17 Pro 骁龙865 5G手机 魅族二手手机 天青 8G+128G,￥1439.00,image/10025170655580.png,https://item.jd.com/10025170655580.html?bbtf=1
魅族,57007711421,拍拍 魅族16sPro 手机 骁龙855plus处理器 性能加强版 95新 黑之谧镜 6G+128G全网通,￥1269.00,image/57007711421.png,https://item.jd.com/57007711421.html?bbtf=1
魅族,10028335022995,拍拍 魅族 18 5G手机 二手手机 二手安卓 二手5G手机 踏雪 8GB+128GB,￥1589.00,image/10028335022995.png,https://item.jd.com/10028335022995.html?bbtf=1
魅族,70170145238,拍拍 魅族17 十七PRO 骁龙865 旗舰5G游戏手机 90Hz屏幕 支持NFC 95新 十七度灰 8GB+128GB,￥1369.00,image/70170145238.png,https://item.jd.com/70170145238.html?bbtf=1
魅族,10070804142639,魅族 20 PRO 新品5G手机 第二代骁龙 8 旗舰芯片20pro手机 破晓灰 12GB+256GB,￥4399.01,image/10070804142639.png,https://item.jd.com/10070804142639.html?bbtf=1
魅族,10070842709689,爱心东东 魅族20 5G新品手机 第二代骁龙8旗舰芯片【20全版本享24期】 先锋灰 12GB+256GB【可选免息版本12期】,￥3399.01,image/10070842709689.png,https://item.jd.com/10070842709689.html?bbtf=1
魅族,10070803306613,【全版本选24期+晒单50】魅族 20 新品5G手机  第二代骁龙8旗舰芯片 144Hz电竞直屏 定胜青 12GB+256GB免息套餐,￥3469.00,image/10070803306613.png,https://item.jd.com/10070803306613.html?bbtf=1
魅族,10026654160327,拍拍 魅族17 5G手机 二手手机 二手安卓 二手5G手机 十七度灰 8G+128G,￥1289.00,image/10026654160327.png,https://item.jd.com/10026654160327.html?bbtf=1
魅族,10071725133600,爱心东东 魅族20pro 新品5G手机 第二代骁龙 8 旗舰芯片 朝阳金 12+512G,￥4799.01,image/10071725133600.png,https://item.jd.com/10071725133600.html?bbtf=1
魅族,10028334501008,拍拍 魅族18pro 5G手机 二手手机 二手安卓 二手5G手机 颜色随机发货 8GB+128GB,￥99999.00,image/10028334501008.png,https://item.jd.com/10028334501008.html?bbtf=1
魅族,10052878089139,拍拍 魅族（MEIZU）魅蓝6手机 5.2英寸 老人学生备用 安卓二手机 月光银 2GB+16GB 全网通4G 9成新,￥198.00,image/10052878089139.png,https://item.jd.com/10052878089139.html?bbtf=1
魅族,67120387740,拍拍 魅族16t 全面屏三摄拍照娱乐游戏手机-4500mAh大电池 95新 鲸跃蓝 6G+128G全网通,￥989.00,image/67120387740.png,https://item.jd.com/67120387740.html?bbtf=1
魅族,10052503087971,拍拍 魅族（MEIZU）魅族17/17 Pro 十七PRO 骁龙865 旗舰5G游戏手机 安卓二手机 【魅族17】十七度灰 8G+128G 95成新,￥1368.00,image/10052503087971.png,https://item.jd.com/10052503087971.html?bbtf=1
魅族,10071998710589,魅族20 Pro 新品5G手机 朝阳金 12GB+256GB,￥4399.00,image/10071998710589.png,https://item.jd.com/10071998710589.html?bbtf=1
魅族,10054313291451,拍拍 魅族（MEIZU）魅族18X 5G手机 骁龙870 120Hz刷新率 6400万AI超清 安卓二手机 禅 8GB+128GB 99成新,￥1538.00,image/10054313291451.png,https://item.jd.com/10054313291451.html?bbtf=1
魅族,10037017242912,拍拍 魅族17Pro 5G手机 游戏手机骁龙865 90Hz屏幕NFC 二手手机 95新成色 魅族17Pro定白 8G+128G,￥1658.00,image/10037017242912.png,https://item.jd.com/10037017242912.html?bbtf=1
魅族,10069077877892,拍拍 魅族18s Pro 5G 二手手机 魅族18x 18 18 pro 18S 智能安卓拍照游戏旗舰手机 禅(白色) 魅族18X 8GB+128GB  95成新,￥1528.00,image/10069077877892.png,https://item.jd.com/10069077877892.html?bbtf=1
魅族,10039408623527,魅族 18X 5G 骁龙870 120Hz刷新率 4300mAh大电池 玄 8GB+128GB,￥1999.00,image/10039408623527.png,https://item.jd.com/10039408623527.html?bbtf=1
魅族,10022935689314,拍拍 魅族 MEIZU 17 骁龙865 旗舰5G手机 拍照游戏机 二手手机 95新 十七度灰 8GB+128GB（95新）,￥1439.00,image/10022935689314.png,https://item.jd.com/10022935689314.html?bbtf=1
魅族,10022935682084,拍拍 魅族17 pro 旗舰5G手机 手机骁龙865 6400W后置主摄 90Hz屏幕 95新 定白 8GB+128GB,￥1718.00,image/10022935682084.png,https://item.jd.com/10022935682084.html?bbtf=1
魅族,10037451073898,爱心东东	 【官方直供+魅族45w原装超充】魅族 18s Pro 5G手机 飞雪流光 8+128GB 享2年全额碎屏险套餐,￥3799.00,image/10037451073898.png,https://item.jd.com/10037451073898.html?bbtf=1
魅族,10053194499217,拍拍 魅族（MEIZU）PRO7 5.2英寸屏+后置2英寸副屏幕 安卓二手手机 香槟金 4GB+128GB 全网通4G 9成新,￥568.00,image/10053194499217.png,https://item.jd.com/10053194499217.html?bbtf=1
魅族,10054560026724,魅族18X 全网通5G骁龙870 6400万像素相机 120Hz刷新率屏 4300mAh大电池 玄 8GB+128GB,￥1999.00,image/10054560026724.png,https://item.jd.com/10054560026724.html?bbtf=1
